2008-10-23,01:23:04,39.984702,116.318417,39744.1201851852,0
2008-10-23,01:23:10,39.984683000000004,116.31845,39744.1202546296,0
2008-10-23,02:23:15,39.984685999999996,116.318417,39744.1203125,0
2008-10-23,02:53:20,39.984688,116.318385,39744.1203703704,0
2008-10-23,02:53:25,39.984655,116.31826299999999,39744.1204282407,0
2008-10-23,02:53:30,39.984611,116.318026,39744.1204861111,0
2008-10-23,02:53:35,39.984608,116.317761,39744.1205439815,0
2008-10-23,02:53:40,39.984563,116.317517,39744.1206018519,0
2008-10-23,02:53:45,39.984539,116.31729399999999,39744.120659722204,0
2008-10-23,02:53:50,39.984606,116.31706499999999,39744.120717592596,0
2008-10-23,02:53:55,39.984567999999996,116.316911,39744.120775463,0
2008-10-23,02:54:00,39.984586,116.31671599999999,39744.1208333333,0
2008-10-23,02:54:05,39.984561,116.31652700000001,39744.120891203704,0
2008-10-23,02:54:10,39.984536,116.316354,39744.1209490741,0
2008-10-23,02:54:15,39.984522999999996,116.31618799999998,39744.1210069444,0
2008-10-23,02:54:20,39.984516,116.31596299999998,39744.1210648148,0
2008-10-23,02:54:25,39.984522999999996,116.315823,39744.1211226852,0
2008-10-23,02:54:30,39.984574,116.315611,39744.1211805556,0
2008-10-23,02:54:35,39.984567999999996,116.31540700000001,39744.1212384259,0
2008-10-23,02:54:40,39.984538,116.315148,39744.121296296296,0
2008-10-23,02:54:45,39.984501,116.314907,39744.1213541667,0
2008-10-23,02:54:50,39.984532,116.31480800000001,39744.121412037,0
2008-10-23,02:54:55,39.984504,116.314625,39744.121469907404,0
2008-10-23,02:55:00,39.984485,116.314426,39744.121527777796,0
2008-10-23,02:55:05,39.984427000000004,116.31423999999998,39744.1215856481,0
2008-10-23,02:55:10,39.984485,116.31404199999999,39744.1216435185,0
2008-10-23,02:55:15,39.98448,116.313818,39744.1217013889,0
2008-10-23,02:55:20,39.984501,116.31365900000002,39744.1217592593,0
2008-10-23,02:55:25,39.984618,116.314323,39744.1218171296,0
2008-10-23,02:55:30,39.984649,116.314107,39744.121875,0
2008-10-23,02:55:35,39.984621000000004,116.31394099999999,39744.1219328704,0
2008-10-23,02:55:40,39.984655,116.313724,39744.1219907407,0
2008-10-23,02:55:45,39.984681,116.313521,39744.1220486111,0
2008-10-23,02:55:50,39.984708000000005,116.31331100000001,39744.122106481496,0
2008-10-23,02:55:55,39.984708000000005,116.313099,39744.1221643519,0
2008-10-23,02:56:00,39.984696,116.312921,39744.1222222222,0
2008-10-23,02:56:05,39.984677000000005,116.31274599999999,39744.1222800926,0
2008-10-23,02:56:10,39.984682,116.312525,39744.122337962996,0
2008-10-23,02:56:15,39.984649,116.31233200000001,39744.1223958333,0
2008-10-23,02:56:20,39.984640999999996,116.312123,39744.1224537037,0
2008-10-23,02:56:25,39.984646999999995,116.311917,39744.1225115741,0
2008-10-23,02:56:30,39.984654,116.31172,39744.1225694444,0
2008-10-23,02:56:35,39.984631,116.31156899999999,39744.1226273148,0
2008-10-23,02:56:40,39.984646999999995,116.31138,39744.1226851852,0
2008-10-23,02:56:45,39.984653,116.31118899999998,39744.1227430556,0
2008-10-23,02:56:50,39.984628,116.311026,39744.1228009259,0
2008-10-23,02:56:55,39.984652000000004,116.310854,39744.1228587963,0
2008-10-23,02:57:00,39.984656,116.31066000000001,39744.122916666696,0
2008-10-23,02:57:05,39.984615999999995,116.310534,39744.122974537,0
2008-10-23,02:57:10,39.984676,116.31033000000001,39744.123032407406,0
2008-10-23,02:57:15,39.984698,116.31006299999999,39744.1230902778,0
2008-10-23,02:57:20,39.984696,116.309937,39744.1231481481,0
2008-10-23,02:57:25,39.984663,116.309851,39744.1232060185,0
2008-10-23,02:57:30,39.984598,116.309749,39744.1232638889,0
2008-10-23,02:57:35,39.98454,116.309656,39744.1233217593,0
2008-10-23,02:57:40,39.984525,116.309503,39744.1233796296,0
2008-10-23,02:57:45,39.984497999999995,116.309348,39744.1234375,0
2008-10-23,02:57:50,39.984481,116.309173,39744.1234953704,0
2008-10-23,02:57:55,39.984489,116.30899299999999,39744.1235532407,0
2008-10-23,02:58:00,39.98447,116.30882700000001,39744.1236111111,0
2008-10-23,02:58:05,39.98449,116.30863799999999,39744.1236689815,0
2008-10-23,02:58:10,39.98449,116.308485,39744.123726851896,0
2008-10-23,02:58:15,39.984494,116.308351,39744.1237847222,0
2008-10-23,02:58:20,39.984499,116.308201,39744.1238425926,0
2008-10-23,02:58:25,39.984484,116.308049,39744.123900463,0
2008-10-23,02:58:30,39.984491,116.307902,39744.1239583333,0
2008-10-23,02:58:35,39.984499,116.307809,39744.1240162037,0
2008-10-23,02:58:40,39.984472,116.30768700000002,39744.124074074105,0
2008-10-23,02:58:45,39.984493,116.307548,39744.1241319444,0
2008-10-23,02:58:50,39.984488,116.30743400000001,39744.1241898148,0
2008-10-23,02:58:55,39.984427000000004,116.30729199999999,39744.1242476852,0
2008-10-23,02:59:00,39.984428,116.307126,39744.124305555604,0
2008-10-23,02:59:05,39.984432,116.30694299999999,39744.1243634259,0
2008-10-23,02:59:10,39.984425,116.30680100000001,39744.1244212963,0
2008-10-23,02:59:15,39.984438,116.306633,39744.1244791667,0
2008-10-23,02:59:20,39.984462,116.306486,39744.124537037,0
2008-10-23,02:59:25,39.984466,116.3063,39744.1245949074,0
2008-10-23,02:59:30,39.984456,116.30604699999999,39744.1246527778,0
2008-10-23,02:59:35,39.984454,116.30585400000001,39744.1247106481,0
2008-10-23,02:59:40,39.984412,116.305682,39744.1247685185,0
2008-10-23,02:59:45,39.98441,116.305466,39744.1248263889,0
2008-10-23,02:59:50,39.984406,116.30528100000001,39744.124884259305,0
2008-10-23,02:59:55,39.984393,116.30502299999999,39744.1249421296,0
2008-10-23,03:00:00,39.984356,116.30490900000001,39744.125,0
2008-10-23,03:00:05,39.984352,116.304704,39744.1250578704,0
2008-10-23,03:00:10,39.984338,116.304543,39744.125115740695,0
2008-10-23,03:00:15,39.984338,116.30431499999999,39744.1251736111,0
2008-10-23,03:00:20,39.984349,116.304083,39744.1252314815,0
2008-10-23,03:00:25,39.984367999999996,116.30393400000001,39744.1252893518,0
2008-10-23,03:00:30,39.984437,116.30381299999999,39744.1253472222,0
2008-10-23,03:00:35,39.984429,116.30367199999999,39744.1254050926,0
2008-10-23,03:00:40,39.984342,116.303444,39744.125462963,0
2008-10-23,03:00:45,39.984365000000004,116.303298,39744.1255208333,0
2008-10-23,03:00:50,39.984367999999996,116.303132,39744.1255787037,0
2008-10-23,03:00:55,39.984384999999996,116.30292,39744.1256365741,0
2008-10-23,03:01:00,39.98438,116.30275400000001,39744.125694444396,0
2008-10-23,03:01:05,39.984346,116.302601,39744.1257523148,0
2008-10-23,03:01:10,39.984303000000004,116.302457,39744.1258101852,0
2008-10-23,03:01:15,39.984344,116.30227099999999,39744.1258680556,0
2008-10-23,03:01:20,39.984341,116.302094,39744.125925925895,0
2008-10-23,03:01:25,39.984359000000005,116.30188799999999,39744.1259837963,0
2008-10-23,03:01:30,39.984379,116.301693,39744.1260416667,0
2008-10-23,03:01:35,39.984345000000005,116.3015,39744.126099537,0
2008-10-23,03:01:40,39.984345000000005,116.301309,39744.1261574074,0
2008-10-23,03:01:45,39.984338,116.301107,39744.1262152778,0
2008-10-23,03:01:50,39.984344,116.300877,39744.126273148104,0
2008-10-23,03:01:55,39.984278,116.300674,39744.1263310185,0
2008-10-23,03:02:00,39.984276,116.30046200000001,39744.1263888889,0
2008-10-23,03:02:05,39.984278,116.300307,39744.1264467593,0
2008-10-23,03:02:10,39.984252000000005,116.300156,39744.1265046296,0
2008-10-23,03:02:15,39.984288,116.299943,39744.1265625,0
2008-10-23,03:02:20,39.984283000000005,116.29981000000001,39744.1266203704,0
2008-10-23,03:02:25,39.984334999999994,116.29974399999999,39744.1266782407,0
2008-10-23,03:02:30,39.984312,116.29970300000001,39744.1267361111,0
2008-10-23,03:02:35,39.984177,116.299699,39744.1267939815,0
2008-10-23,03:02:40,39.984140000000004,116.299697,39744.126851851805,0
2008-10-23,03:02:45,39.984204,116.29972099999999,39744.1269097222,0
2008-10-23,03:02:50,39.984258000000004,116.29973600000001,39744.126967592594,0
2008-10-23,03:02:55,39.984031,116.299573,39744.127025463,0
2008-10-23,03:03:00,39.98379,116.299578,39744.127083333304,0
2008-10-23,03:03:05,39.983726000000004,116.299566,39744.1271412037,0
2008-10-23,03:03:10,39.983692,116.29949599999999,39744.1271990741,0
2008-10-23,03:03:15,39.983684999999994,116.299476,39744.1272569444,0
2008-10-23,03:03:20,39.983639000000004,116.299425,39744.1273148148,0
2008-10-23,03:03:25,39.983629,116.299353,39744.1273726852,0
2008-10-23,03:03:30,39.983641,116.299279,39744.1274305556,0
2008-10-23,03:03:35,39.983557,116.29923500000001,39744.1274884259,0
2008-10-23,03:03:40,39.983509000000005,116.29923799999999,39744.1275462963,0
2008-10-23,03:03:45,39.983413,116.29926699999999,39744.1276041667,0
2008-10-23,03:03:50,39.983353,116.299305,39744.127662037004,0
2008-10-23,03:03:55,39.983337,116.29932099999999,39744.1277199074,0
2008-10-23,03:04:00,39.9833,116.299314,39744.1277777778,0
2008-10-23,03:04:03,39.9833,116.299314,39744.1278125,0
2008-10-23,03:04:05,39.983304,116.29930700000001,39744.1278356481,0
2008-10-23,03:04:10,39.983278999999996,116.29931100000002,39744.127893518504,0
2008-10-23,03:04:15,39.983302,116.299302,39744.1279513889,0
2008-10-23,03:04:20,39.983276000000004,116.29926499999999,39744.1280092593,0
2008-10-23,03:04:25,39.983321999999994,116.299191,39744.1280671296,0
2008-10-23,03:04:30,39.983403,116.29914699999999,39744.128125,0
2008-10-23,03:04:35,39.983548,116.29908300000001,39744.1281828704,0
2008-10-23,03:04:40,39.983675,116.299031,39744.1282407407,0
2008-10-23,03:04:45,39.983663,116.29893200000001,39744.1282986111,0
2008-10-23,03:04:50,39.983533,116.298903,39744.1283564815,0
2008-10-23,03:04:55,39.98359,116.298869,39744.1284143519,0
2008-10-23,03:05:00,39.983723,116.298825,39744.128472222204,0
2008-10-23,03:05:05,39.983902,116.298773,39744.128530092596,0
2008-10-23,03:05:10,39.984045,116.298725,39744.128587963,0
2008-10-23,03:05:15,39.984019,116.29866299999999,39744.1286458333,0
2008-10-23,04:08:07,39.995777000000004,116.286798,39744.172303240695,0
2008-10-23,04:08:12,39.996832,116.285446,39744.1723611111,0
2008-10-23,04:08:42,39.984396999999994,116.299292,39744.1727083333,0
2008-10-23,04:08:47,39.984426,116.299329,39744.1727662037,0
2008-10-23,04:08:52,39.984499,116.29941299999999,39744.1728240741,0
2008-10-23,04:08:57,39.984424,116.29946699999999,39744.172881944396,0
2008-10-23,04:09:02,39.98441,116.299477,39744.1729398148,0
2008-10-23,04:09:07,39.984421000000005,116.29956899999999,39744.1729976852,0
2008-10-23,04:09:12,39.984518,116.29953,39744.1730555556,0
2008-10-23,04:09:17,39.984488,116.299645,39744.173113425895,0
2008-10-23,04:09:22,39.98454,116.299523,39744.1731712963,0
2008-10-23,04:09:27,39.98446,116.29952800000001,39744.1732291667,0
2008-10-23,04:09:32,39.984463,116.299508,39744.173287037,0
2008-10-23,04:09:37,39.984501,116.29947299999999,39744.1733449074,0
2008-10-23,04:09:42,39.984532,116.299451,39744.1734027778,0
2008-10-23,04:09:45,39.984532,116.299451,39744.1734375,0
2008-10-23,04:09:47,39.984527,116.299451,39744.173460648104,0
2008-10-23,04:09:52,39.984517,116.299447,39744.1735185185,0
2008-10-23,04:09:57,39.984509,116.299438,39744.1735763889,0
2008-10-23,04:10:02,39.984497,116.299411,39744.1736342593,0
2008-10-23,04:10:07,39.984499,116.29940500000001,39744.173692129596,0
2008-10-23,04:10:12,39.984497999999995,116.299407,39744.17375,0
2008-10-23,04:10:15,39.984497999999995,116.299407,39744.1737847222,0
2008-10-23,04:10:17,39.984493,116.29941200000002,39744.1738078704,0
2008-10-23,04:10:22,39.984497999999995,116.299466,39744.1738657407,0
2008-10-23,04:10:27,39.984546,116.29941000000001,39744.173923611095,0
2008-10-23,04:10:32,39.984638000000004,116.299318,39744.1739814815,0
2008-10-23,04:10:37,39.98473,116.29931499999999,39744.174039351805,0
2008-10-23,04:10:42,39.984753000000005,116.299305,39744.1740972222,0
2008-10-23,04:10:47,39.984789,116.299297,39744.174155092594,0
2008-10-23,04:10:52,39.984795,116.29939099999999,39744.174212963,0
2008-10-23,04:10:57,39.984778000000006,116.299504,39744.174270833304,0
2008-10-23,04:11:02,39.984743,116.299617,39744.1743287037,0
2008-10-23,04:11:07,39.984671,116.299625,39744.1743865741,0
2008-10-23,04:11:12,39.984694,116.299536,39744.1744444444,0
2008-10-23,04:11:17,39.984733,116.29952,39744.1745023148,0
2008-10-23,04:11:22,39.983841,116.299902,39744.1745601852,0
2008-10-23,04:11:27,39.983861,116.300177,39744.1746180556,0
2008-10-23,04:11:32,39.983841999999996,116.300329,39744.1746759259,0
2008-10-23,04:11:37,39.983984,116.300308,39744.1747337963,0
2008-10-23,04:11:42,39.984126,116.30018799999999,39744.1747916667,0
2008-10-23,04:11:47,39.984246,116.300058,39744.174849537005,0
2008-10-23,04:11:52,39.984373,116.30001899999999,39744.1749074074,0
2008-10-23,04:11:57,39.984533,116.30004299999999,39744.174965277794,0
2008-10-23,04:12:02,39.984722999999995,116.300058,39744.1750231481,0
2008-10-23,04:12:07,39.984789,116.300151,39744.175081018504,0
2008-10-23,04:12:12,39.984837,116.30021599999999,39744.1751388889,0
2008-10-23,04:12:17,39.984859,116.30033200000001,39744.1751967593,0
2008-10-23,04:12:22,39.984888,116.30051399999999,39744.1752546296,0
2008-10-23,04:12:27,39.984896,116.30068899999999,39744.1753125,0
2008-10-23,04:12:32,39.984905,116.30088500000001,39744.1753703704,0
2008-10-23,04:12:37,39.984911,116.301049,39744.1754282407,0
2008-10-23,04:12:42,39.984925,116.301221,39744.1754861111,0
2008-10-23,04:12:47,39.98493,116.301391,39744.1755439815,0
2008-10-23,04:12:52,39.984938,116.30156799999999,39744.1756018519,0
2008-10-23,04:12:57,39.984947999999996,116.30174099999999,39744.175659722205,0
2008-10-23,04:13:02,39.984945,116.301915,39744.175717592596,0
2008-10-23,04:13:07,39.984953000000004,116.30205500000001,39744.175775463,0
2008-10-23,04:13:12,39.984953000000004,116.302264,39744.1758333333,0
2008-10-23,04:13:17,39.98496,116.30248799999998,39744.175891203704,0
2008-10-23,04:13:22,39.984973,116.302679,39744.1759490741,0
2008-10-23,04:13:27,39.984983,116.30286000000001,39744.1760069444,0
2008-10-23,04:13:32,39.985009000000005,116.30303700000002,39744.1760648148,0
2008-10-23,04:13:37,39.985043,116.30325800000001,39744.1761226852,0
2008-10-23,04:13:42,39.98503,116.303496,39744.1761805556,0
2008-10-23,04:13:47,39.985039,116.30368500000002,39744.1762384259,0
2008-10-23,04:13:52,39.985028,116.30388400000001,39744.1762962963,0
2008-10-23,04:13:57,39.984992999999996,116.30406699999999,39744.1763541667,0
2008-10-23,04:14:02,39.985027,116.30416299999999,39744.176412037,0
2008-10-23,04:14:07,39.985038,116.30426000000001,39744.176469907405,0
2008-10-23,04:14:12,39.985042,116.30445900000001,39744.176527777796,0
2008-10-23,04:14:17,39.985029,116.304647,39744.1765856481,0
2008-10-23,04:14:22,39.985023,116.30481100000002,39744.1766435185,0
2008-10-23,04:14:27,39.985031,116.304927,39744.176701388904,0
2008-10-23,04:14:32,39.985082,116.30519199999999,39744.1767592593,0
2008-10-23,04:14:37,39.985105,116.305348,39744.1768171296,0
2008-10-23,04:14:42,39.985132,116.305499,39744.176875,0
2008-10-23,04:14:47,39.985169,116.305649,39744.1769328704,0
2008-10-23,04:14:52,39.985135,116.305834,39744.1769907407,0
2008-10-23,04:14:57,39.985146,116.30598400000001,39744.1770486111,0
2008-10-23,04:15:02,39.985131,116.306178,39744.1771064815,0
2008-10-23,04:15:07,39.985127,116.30636299999999,39744.1771643519,0
2008-10-23,04:15:12,39.985135,116.306531,39744.1772222222,0
2008-10-23,04:15:17,39.985157,116.306711,39744.1772800926,0
2008-10-23,04:15:22,39.985170000000004,116.30689299999999,39744.177337962996,0
2008-10-23,04:15:27,39.985154,116.307092,39744.1773958333,0
2008-10-23,04:15:32,39.985184000000004,116.307341,39744.1774537037,0
2008-10-23,04:15:37,39.985209999999995,116.30751000000001,39744.177511574104,0
2008-10-23,04:15:42,39.985231,116.30763300000001,39744.1775694444,0
2008-10-23,04:15:47,39.98526,116.30773500000001,39744.1776273148,0
2008-10-23,04:15:52,39.985240000000005,116.307933,39744.1776851852,0
2008-10-23,04:15:57,39.985225,116.30813300000001,39744.1777430556,0
2008-10-23,04:16:02,39.985256,116.30831299999998,39744.1778009259,0
2008-10-23,04:16:07,39.985217999999996,116.30857900000001,39744.1778587963,0
2008-10-23,04:16:12,39.985201,116.308774,39744.1779166667,0
2008-10-23,04:16:17,39.985203000000006,116.30898,39744.177974537,0
2008-10-23,04:16:22,39.985221,116.309152,39744.1780324074,0
2008-10-23,04:16:27,39.985194,116.30931000000001,39744.1780902778,0
2008-10-23,04:16:32,39.985161,116.309494,39744.1781481481,0
2008-10-23,04:16:37,39.98519,116.309701,39744.1782060185,0
2008-10-23,04:16:42,39.985202,116.30988799999999,39744.1782638889,0
2008-10-23,04:16:47,39.985282,116.30998000000001,39744.178321759304,0
2008-10-23,04:16:52,39.985443,116.30998000000001,39744.1783796296,0
2008-10-23,04:16:57,39.985579,116.309969,39744.1784375,0
2008-10-23,04:17:02,39.985721000000005,116.30996100000002,39744.1784953704,0
2008-10-23,04:17:07,39.98584,116.309941,39744.1785532407,0
2008-10-23,04:17:12,39.98595,116.309978,39744.1786111111,0
2008-10-23,04:17:17,39.986051,116.310034,39744.1786689815,0
2008-10-23,04:17:22,39.986174,116.310025,39744.1787268519,0
2008-10-23,04:17:27,39.986305,116.309956,39744.1787847222,0
2008-10-23,04:17:32,39.986461,116.30988500000001,39744.1788425926,0
2008-10-23,04:17:37,39.986610999999996,116.30986200000001,39744.178900463,0
2008-10-23,04:17:42,39.986697,116.30989299999999,39744.1789583333,0
2008-10-23,04:17:47,39.986793,116.309956,39744.1790162037,0
2008-10-23,04:17:52,39.986928999999996,116.309974,39744.1790740741,0
2008-10-23,04:17:57,39.987072999999995,116.309987,39744.1791319444,0
2008-10-23,04:18:02,39.987211,116.310004,39744.1791898148,0
2008-10-23,04:18:07,39.987325,116.31007,39744.1792476852,0
2008-10-23,04:18:12,39.987458000000004,116.310084,39744.1793055556,0
2008-10-23,04:18:17,39.987590999999995,116.310088,39744.1793634259,0
2008-10-23,04:18:22,39.987747,116.31004899999999,39744.1794212963,0
2008-10-23,04:18:27,39.987884,116.310027,39744.1794791667,0
2008-10-23,04:18:32,39.988008,116.31005900000001,39744.179537037,0
2008-10-23,04:18:37,39.988110999999996,116.310052,39744.1795949074,0
2008-10-23,04:18:42,39.988293,116.30990200000001,39744.1796527778,0
2008-10-23,04:18:47,39.988397,116.309931,39744.1797106481,0
2008-10-23,04:18:52,39.988553,116.30986599999999,39744.1797685185,0
2008-10-23,04:18:57,39.988679,116.309824,39744.1798263889,0
2008-10-23,04:19:02,39.988772,116.30978400000001,39744.179884259305,0
2008-10-23,04:19:07,39.988901,116.309793,39744.1799421296,0
2008-10-23,04:19:12,39.989028999999995,116.30983300000001,39744.18,0
2008-10-23,04:19:17,39.989173,116.30986599999999,39744.1800578704,0
2008-10-23,04:19:22,39.989287,116.309905,39744.180115740695,0
2008-10-23,04:19:27,39.989391999999995,116.309949,39744.1801736111,0
2008-10-23,04:19:32,39.989519,116.31003100000001,39744.1802314815,0
2008-10-23,04:19:37,39.989628,116.31004899999999,39744.1802893518,0
2008-10-23,04:19:42,39.989762,116.310024,39744.1803472222,0
2008-10-23,04:19:47,39.989838,116.310098,39744.1804050926,0
2008-10-23,04:19:52,39.989981,116.310115,39744.180462963,0
2008-10-23,04:19:57,39.990089000000005,116.31016899999999,39744.1805208333,0
2008-10-23,04:20:02,39.990219,116.31021499999999,39744.1805787037,0
2008-10-23,04:20:07,39.990325,116.310258,39744.1806365741,0
2008-10-23,04:20:12,39.990406,116.310277,39744.180694444396,0
2008-10-23,04:20:17,39.990559999999995,116.31018999999999,39744.1807523148,0
2008-10-23,04:20:22,39.99065,116.310134,39744.1808101852,0
2008-10-23,04:20:27,39.990693,116.31011399999998,39744.1808680556,0
2008-10-23,04:20:32,39.990696,116.310111,39744.180925925895,0
2008-10-23,04:20:37,39.990697999999995,116.31010500000001,39744.1809837963,0
2008-10-23,04:20:42,39.990697999999995,116.310103,39744.1810416667,0
2008-10-23,04:20:47,39.990696,116.310101,39744.181099537,0
2008-10-23,04:20:52,39.990695,116.31009499999999,39744.1811574074,0
2008-10-23,04:20:57,39.990691999999996,116.310092,39744.1812152778,0
2008-10-23,04:21:02,39.99069,116.31008999999999,39744.181273148104,0
2008-10-23,04:21:07,39.990689,116.310088,39744.1813310185,0
2008-10-23,04:21:12,39.990689,116.31008700000001,39744.1813888889,0
2008-10-23,04:21:15,39.990689,116.31008700000001,39744.1814236111,0
2008-10-23,04:21:17,39.990696,116.31008999999999,39744.1814467593,0
2008-10-23,04:21:22,39.990743,116.31006599999999,39744.181504629596,0
2008-10-23,04:21:27,39.990793,116.31010900000001,39744.1815625,0
2008-10-23,04:21:32,39.990837,116.31020500000001,39744.1816203704,0
2008-10-23,04:21:37,39.990873,116.310318,39744.1816782407,0
2008-10-23,04:21:42,39.990887,116.310479,39744.181736111095,0
2008-10-23,04:21:47,39.990874,116.310657,39744.1817939815,0
2008-10-23,04:21:52,39.990906,116.310827,39744.181851851805,0
2008-10-23,04:21:57,39.990921,116.310971,39744.1819097222,0
2008-10-23,04:22:02,39.990933,116.311149,39744.181967592594,0
2008-10-23,04:22:07,39.990969,116.31131200000002,39744.182025463,0
2008-10-23,04:22:12,39.990994,116.311507,39744.182083333304,0
2008-10-23,04:22:17,39.991014,116.31169299999999,39744.1821412037,0
2008-10-23,04:22:22,39.991009999999996,116.31191499999998,39744.1821990741,0
2008-10-23,04:22:27,39.991033,116.31210700000001,39744.1822569444,0
2008-10-23,04:22:32,39.991054999999996,116.31228200000001,39744.1823148148,0
2008-10-23,04:22:37,39.991058,116.312473,39744.1823726852,0
2008-10-23,04:22:42,39.991032000000004,116.312666,39744.1824305556,0
2008-10-23,04:22:47,39.991023999999996,116.312853,39744.1824884259,0
2008-10-23,04:22:52,39.991021999999994,116.313047,39744.1825462963,0
2008-10-23,04:22:57,39.991018,116.313244,39744.1826041667,0
2008-10-23,04:23:02,39.991015999999995,116.313469,39744.182662037005,0
2008-10-23,04:23:07,39.991035,116.313681,39744.1827199074,0
2008-10-23,04:23:12,39.991063,116.31383999999998,39744.182777777794,0
2008-10-23,04:23:17,39.991071999999996,116.31403,39744.1828356481,0
2008-10-23,04:23:22,39.991068,116.314209,39744.182893518504,0
2008-10-23,04:23:27,39.991095,116.31438500000002,39744.1829513889,0
2008-10-23,04:23:32,39.991113,116.314596,39744.1830092593,0
2008-10-23,04:23:37,39.991128,116.314797,39744.1830671296,0
2008-10-23,04:23:42,39.991127,116.315003,39744.183125,0
2008-10-23,04:23:47,39.991147999999995,116.315193,39744.1831828704,0
2008-10-23,04:23:52,39.991176,116.31534199999999,39744.1832407407,0
2008-10-23,04:23:57,39.991215000000004,116.315529,39744.1832986111,0
2008-10-23,04:24:02,39.991209000000005,116.315643,39744.1833564815,0
2008-10-23,04:24:07,39.991191,116.31578999999999,39744.1834143519,0
2008-10-23,04:24:12,39.991188,116.31595800000001,39744.183472222205,0
2008-10-23,04:24:17,39.991189,116.316172,39744.183530092596,0
2008-10-23,04:24:22,39.991186,116.316381,39744.183587963,0
2008-10-23,04:24:27,39.991194,116.316575,39744.1836458333,0
2008-10-23,04:24:32,39.991208,116.31675600000001,39744.183703703704,0
2008-10-23,04:24:37,39.99122,116.316999,39744.1837615741,0
2008-10-23,04:24:42,39.991197,116.31723500000001,39744.1838194444,0
2008-10-23,04:24:47,39.991183,116.317452,39744.1838773148,0
2008-10-23,04:24:52,39.991164000000005,116.31766100000002,39744.1839351852,0
2008-10-23,04:24:57,39.991187,116.317874,39744.1839930556,0
2008-10-23,04:25:02,39.991178999999995,116.318083,39744.1840509259,0
2008-10-23,04:25:07,39.991132,116.31823100000001,39744.1841087963,0
2008-10-23,04:25:12,39.991169,116.31848000000001,39744.1841666667,0
2008-10-23,04:25:17,39.991183,116.31869099999999,39744.184224537,0
2008-10-23,04:25:22,39.991203999999996,116.318904,39744.184282407405,0
2008-10-23,04:25:27,39.991201000000004,116.319098,39744.184340277796,0
2008-10-23,04:25:32,39.991194,116.31931499999999,39744.1843981481,0
2008-10-23,04:25:37,39.991187,116.31948999999999,39744.1844560185,0
2008-10-23,04:25:42,39.991206,116.31968300000001,39744.184513888904,0
2008-10-23,04:25:47,39.991239,116.31986599999999,39744.1845717593,0
2008-10-23,04:25:52,39.991258,116.32006200000001,39744.1846296296,0
2008-10-23,04:25:57,39.991282,116.320255,39744.1846875,0
2008-10-23,04:26:02,39.991288,116.32044499999999,39744.1847453704,0
2008-10-23,04:26:07,39.991308000000004,116.320622,39744.1848032407,0
2008-10-23,04:26:12,39.991325,116.320803,39744.1848611111,0
2008-10-23,04:26:17,39.991352,116.32100200000001,39744.1849189815,0
2008-10-23,04:26:22,39.991382,116.321179,39744.1849768519,0
2008-10-23,04:26:27,39.991388,116.32138400000001,39744.1850347222,0
2008-10-23,04:26:32,39.991389,116.321583,39744.1850925926,0
2008-10-23,04:26:37,39.991368,116.32173600000002,39744.185150462996,0
2008-10-23,04:26:42,39.991409999999995,116.321874,39744.1852083333,0
2008-10-23,04:26:47,39.991412,116.322004,39744.1852662037,0
2008-10-23,04:26:52,39.991406,116.322176,39744.185324074104,0
2008-10-23,04:26:57,39.991403000000005,116.322296,39744.1853819444,0
2008-10-23,04:27:02,39.991401,116.32243600000001,39744.1854398148,0
2008-10-23,04:27:07,39.991477,116.322668,39744.1854976852,0
2008-10-23,04:27:12,39.991591,116.32278400000001,39744.1855555556,0
2008-10-23,04:27:17,39.991716,116.322778,39744.1856134259,0
2008-10-23,04:27:22,39.991863,116.322774,39744.1856712963,0
2008-10-23,04:27:27,39.992007,116.32278400000001,39744.1857291667,0
2008-10-23,04:27:32,39.992201,116.32281200000001,39744.185787037,0
2008-10-23,04:27:37,39.992365,116.3228,39744.1858449074,0
2008-10-23,04:27:42,39.992456,116.322797,39744.1859027778,0
2008-10-23,04:27:47,39.9926,116.32281,39744.1859606481,0
2008-10-23,04:27:52,39.992777000000004,116.322891,39744.1860185185,0
2008-10-23,04:27:57,39.992883,116.322891,39744.1860763889,0
2008-10-23,04:28:02,39.993001,116.322713,39744.186134259304,0
2008-10-23,04:28:07,39.993077,116.322617,39744.1861921296,0
2008-10-23,04:28:12,39.993221999999996,116.32265100000001,39744.18625,0
2008-10-23,04:28:17,39.993429,116.32276,39744.1863078704,0
2008-10-23,04:28:22,39.993534999999994,116.322744,39744.1863657407,0
2008-10-23,04:28:27,39.99364,116.322658,39744.1864236111,0
2008-10-23,04:28:32,39.993796,116.322579,39744.1864814815,0
2008-10-23,04:28:37,39.994054999999996,116.322804,39744.1865393519,0
2008-10-23,04:28:42,39.994175,116.322829,39744.1865972222,0
2008-10-23,04:28:47,39.994276,116.32278600000001,39744.1866550926,0
2008-10-23,04:28:52,39.994471000000004,116.322763,39744.186712963,0
2008-10-23,04:28:57,39.994648,116.322723,39744.1867708333,0
2008-10-23,04:29:02,39.99481,116.32264099999999,39744.1868287037,0
2008-10-23,04:29:07,39.994946,116.322625,39744.1868865741,0
2008-10-23,04:29:12,39.995093,116.32262,39744.1869444444,0
2008-10-23,04:29:17,39.995235,116.32260600000001,39744.1870023148,0
2008-10-23,04:29:22,39.995391999999995,116.322607,39744.1870601852,0
2008-10-23,04:29:27,39.995567,116.322533,39744.1871180556,0
2008-10-23,04:29:32,39.995718,116.32252,39744.1871759259,0
2008-10-23,04:29:37,39.995852,116.32251699999999,39744.1872337963,0
2008-10-23,04:29:42,39.995993,116.322556,39744.1872916667,0
2008-10-23,04:29:47,39.996109999999994,116.322544,39744.187349537,0
2008-10-23,04:29:52,39.996234,116.322552,39744.1874074074,0
2008-10-23,04:29:57,39.996392,116.32248100000001,39744.1874652778,0
2008-10-23,04:30:02,39.996534000000004,116.322464,39744.1875231481,0
2008-10-23,04:30:07,39.996632,116.322425,39744.1875810185,0
2008-10-23,04:30:12,39.996645,116.32241200000001,39744.1876388889,0
2008-10-23,04:30:17,39.996725,116.322348,39744.187696759305,0
2008-10-23,04:30:22,39.996881,116.322337,39744.1877546296,0
2008-10-23,04:30:27,39.997081,116.322428,39744.1878125,0
2008-10-23,04:30:32,39.997277000000004,116.322428,39744.1878703704,0
2008-10-23,04:30:37,39.997592,116.32231399999999,39744.187928240695,0
2008-10-23,04:30:42,39.99775,116.322301,39744.1879861111,0
2008-10-23,04:30:47,39.997865000000004,116.322317,39744.1880439815,0
2008-10-23,04:30:52,39.997988,116.32231000000002,39744.1881018518,0
2008-10-23,04:30:57,39.998151,116.32226100000001,39744.1881597222,0
2008-10-23,04:31:02,39.998307000000004,116.322268,39744.1882175926,0
2008-10-23,04:31:07,39.998452,116.322236,39744.188275463,0
2008-10-23,04:31:12,39.998603,116.322225,39744.1883333333,0
2008-10-23,04:31:17,39.998753,116.322225,39744.1883912037,0
2008-10-23,04:31:22,39.998895000000005,116.322254,39744.1884490741,0
2008-10-23,04:31:27,39.999078000000004,116.32219599999999,39744.188506944396,0
2008-10-23,04:31:32,39.999218,116.322176,39744.1885648148,0
2008-10-23,04:31:37,39.999364,116.32216100000001,39744.1886226852,0
2008-10-23,04:31:42,39.999484,116.322148,39744.1886805556,0
2008-10-23,04:31:47,39.999607,116.32217800000001,39744.188738425895,0
2008-10-23,04:31:52,39.999602,116.322324,39744.1887962963,0
2008-10-23,04:31:57,39.999603,116.32243400000002,39744.1888541667,0
2008-10-23,04:32:02,39.999586,116.32258700000001,39744.188912037,0
2008-10-23,04:32:07,39.999573,116.32276,39744.1889699074,0
2008-10-23,04:32:12,39.999572,116.32293200000001,39744.1890277778,0
2008-10-23,04:32:17,39.999565000000004,116.32313400000001,39744.189085648104,0
2008-10-23,04:32:22,39.999569,116.32328000000001,39744.1891435185,0
2008-10-23,04:32:27,39.999575,116.323448,39744.1892013889,0
2008-10-23,04:32:32,39.999568,116.323605,39744.1892592593,0
2008-10-23,04:32:37,39.999558,116.323605,39744.189317129596,0
2008-10-23,04:32:42,39.999581,116.323732,39744.189375,0
2008-10-23,04:32:47,39.999653,116.324069,39744.1894328704,0
2008-10-23,04:32:52,39.999678,116.324258,39744.1894907407,0
2008-10-23,04:32:57,39.999646000000006,116.324405,39744.189548611095,0
2008-10-23,04:33:02,39.999676,116.32445200000001,39744.1896064815,0
2008-10-23,04:33:07,39.999678,116.324453,39744.189664351805,0
2008-10-23,04:33:12,39.999682,116.324455,39744.1897222222,0
2008-10-23,04:33:15,39.999682,116.324455,39744.1897569444,0
2008-10-23,04:33:17,39.999676,116.32445600000001,39744.189780092594,0
2008-10-23,04:33:22,39.999641,116.32451,39744.189837963,0
2008-10-23,04:33:27,39.999662,116.324481,39744.189895833304,0
2008-10-23,04:33:32,39.999651,116.324477,39744.1899537037,0
2008-10-23,04:33:37,39.999664,116.32449299999999,39744.1900115741,0
2008-10-23,04:33:42,39.999684,116.32451100000002,39744.1900694444,0
2008-10-23,04:33:45,39.999684,116.32451100000002,39744.1901041667,0
2008-10-23,04:33:47,39.999678,116.32451100000002,39744.1901273148,0
2008-10-23,04:33:52,39.999666999999995,116.32451200000001,39744.1901851852,0
2008-10-23,04:33:57,39.999655,116.32451299999998,39744.1902430556,0
2008-10-23,04:34:02,39.999703000000004,116.324496,39744.1903009259,0
2008-10-23,04:34:07,39.999559999999995,116.32449799999999,39744.1903587963,0
2008-10-23,04:34:12,39.999506,116.324545,39744.1904166667,0
2008-10-23,04:34:17,39.999516,116.32453100000001,39744.190474537005,0
2008-10-23,04:34:22,39.999567,116.324478,39744.1905324074,0
2008-10-23,04:34:27,39.999573,116.3246,39744.190590277794,0
2008-10-23,04:34:32,39.999538,116.32463899999999,39744.1906481481,0
2008-10-23,04:34:37,39.999598,116.324684,39744.190706018504,0
2008-10-23,04:34:42,39.999666,116.324722,39744.1907638889,0
2008-10-23,04:34:47,39.999728999999995,116.32480100000001,39744.1908217593,0
2008-10-23,04:34:52,39.999769,116.324886,39744.1908796296,0
2008-10-23,09:42:25,40.004775,116.320158,39744.4044560185,0
2008-10-23,09:42:30,40.004783,116.320388,39744.4045138889,0
2008-10-23,09:42:35,40.004799,116.320545,39744.4045717593,0
2008-10-23,09:42:40,40.004835,116.320683,39744.4046296296,0
2008-10-23,09:42:45,40.004851,116.320835,39744.4046875,0
2008-10-23,09:42:50,40.004868,116.32101000000002,39744.4047453704,0
2008-10-23,09:42:55,40.004849,116.32115300000001,39744.4048032407,0
2008-10-23,09:43:00,40.004878999999995,116.321277,39744.4048611111,0
2008-10-23,09:43:05,40.004962,116.32131799999999,39744.4049189815,0
2008-10-23,09:43:10,40.005088,116.32128,39744.404976851896,0
2008-10-23,09:43:15,40.00525,116.32126000000001,39744.4050347222,0
2008-10-23,09:43:20,40.005455,116.321389,39744.4050925926,0
2008-10-23,09:43:25,40.005621000000005,116.321455,39744.405150463,0
2008-10-23,09:43:30,40.005738,116.321491,39744.4052083333,0
2008-10-23,09:43:35,40.005883000000004,116.321518,39744.4052662037,0
2008-10-23,09:43:40,40.006051,116.32152099999999,39744.405324074105,0
2008-10-23,09:43:45,40.006178000000006,116.321463,39744.4053819444,0
2008-10-23,09:43:50,40.00633,116.32146100000001,39744.4054398148,0
2008-10-23,09:43:55,40.006482,116.321474,39744.4054976852,0
2008-10-23,09:44:00,40.006631,116.321459,39744.405555555604,0
2008-10-23,09:44:05,40.006813,116.32144699999999,39744.4056134259,0
2008-10-23,09:44:10,40.006974,116.321454,39744.4056712963,0
2008-10-23,09:44:15,40.007121999999995,116.321396,39744.4057291667,0
2008-10-23,09:44:20,40.007234999999994,116.32135600000001,39744.405787037,0
2008-10-23,09:44:25,40.00741,116.321395,39744.4058449074,0
2008-10-23,09:44:30,40.007571,116.32141200000001,39744.4059027778,0
2008-10-23,09:44:35,40.007715000000005,116.32141399999999,39744.4059606481,0
2008-10-23,09:44:40,40.007862,116.321426,39744.4060185185,0
2008-10-23,09:44:45,40.008034,116.32143700000002,39744.4060763889,0
2008-10-23,09:44:50,40.00817,116.321441,39744.406134259305,0
2008-10-23,09:44:55,40.008337,116.321425,39744.4061921296,0
2008-10-23,09:45:00,40.008515,116.321421,39744.40625,0
2008-10-23,09:45:05,40.008668,116.321446,39744.4063078704,0
2008-10-23,09:45:10,40.008782000000004,116.32144299999999,39744.406365740695,0
2008-10-23,09:45:15,40.008843,116.321385,39744.4064236111,0
2008-10-23,09:45:20,40.008884,116.321402,39744.4064814815,0
2008-10-23,09:45:25,40.00895,116.321449,39744.4065393518,0
2008-10-23,09:45:30,40.009006,116.321502,39744.4065972222,0
2008-10-23,09:45:35,40.009026,116.321564,39744.4066550926,0
2008-10-23,09:45:40,40.009011,116.321623,39744.406712963,0
2008-10-23,09:45:45,40.009021000000004,116.321625,39744.4067708333,0
2008-10-23,09:45:48,40.009021000000004,116.321625,39744.4068055556,0
2008-10-23,09:45:50,40.00902,116.32163100000001,39744.4068287037,0
2008-10-23,09:45:55,40.009013,116.32165900000001,39744.4068865741,0
2008-10-23,09:49:20,40.008921,116.32148400000001,39744.4092592593,0
2008-10-23,09:49:40,40.008582000000004,116.322217,39744.4094907407,0
2008-10-23,09:49:45,40.008481,116.32243999999999,39744.4095486111,0
2008-10-23,09:49:50,40.008496,116.322406,39744.4096064815,0
2008-10-23,09:49:55,40.00888,116.321628,39744.4096643519,0
2008-10-23,09:50:00,40.00898,116.32158700000001,39744.409722222204,0
2008-10-23,09:50:05,40.00898,116.32154399999999,39744.409780092596,0
2008-10-23,09:50:10,40.008984000000005,116.321525,39744.409837963,0
2008-10-23,09:50:13,40.008984000000005,116.321525,39744.4098726852,0
2008-10-23,09:50:15,40.008982,116.32151699999999,39744.4098958333,0
2008-10-23,09:50:20,40.008958,116.32145700000001,39744.409953703704,0
2008-10-23,09:50:25,40.008971,116.321436,39744.4100115741,0
2008-10-23,09:50:30,40.009021999999995,116.32143400000001,39744.4100694444,0
2008-10-23,09:50:35,40.009025,116.321374,39744.4101273148,0
2008-10-23,09:50:40,40.009029999999996,116.32139699999999,39744.4101851852,0
2008-10-23,09:50:45,40.009062,116.32146200000001,39744.4102430556,0
2008-10-23,09:50:50,40.009081,116.32148600000001,39744.4103009259,0
2008-10-23,09:50:55,40.00908,116.32147900000001,39744.410358796296,0
2008-10-23,09:50:58,40.00908,116.32147900000001,39744.4103935185,0
2008-10-23,09:51:00,40.009081,116.321481,39744.4104166667,0
2008-10-23,09:51:05,40.009083000000004,116.321491,39744.410474537,0
2008-10-23,09:51:10,40.009094,116.32151999999999,39744.410532407404,0
2008-10-23,09:51:15,40.009071999999996,116.32158500000001,39744.410590277796,0
2008-10-23,09:51:20,40.009083000000004,116.321467,39744.4106481481,0
2008-10-23,09:51:25,40.00908,116.32144199999999,39744.4107060185,0
2008-10-23,09:51:30,40.009087,116.321453,39744.4107638889,0
2008-10-23,09:51:35,40.009065,116.32147900000001,39744.4108217593,0
2008-10-23,09:51:40,40.009071,116.32151699999999,39744.4108796296,0
2008-10-23,09:51:45,40.009075,116.32156,39744.4109375,0
2008-10-23,09:51:50,40.009105,116.32161599999999,39744.4109953704,0
2008-10-23,09:51:55,40.00908,116.32156,39744.4110532407,0
2008-10-23,09:52:00,40.009031,116.321491,39744.4111111111,0
2008-10-23,09:52:05,40.008995,116.32140700000001,39744.411168981496,0
2008-10-23,09:52:08,40.008995,116.32140700000001,39744.4112037037,0
2008-10-23,09:52:10,40.008998999999996,116.32141200000001,39744.4112268519,0
2008-10-23,09:52:15,40.008996999999994,116.321399,39744.4112847222,0
2008-10-23,09:52:20,40.008994,116.321389,39744.4113425926,0
2008-10-23,09:52:23,40.008994,116.321389,39744.4113773148,0
2008-10-23,09:52:25,40.008995,116.32139199999999,39744.411400462996,0
2008-10-23,09:52:30,40.009235,116.321472,39744.4114583333,0
2008-10-23,09:52:35,40.009268,116.321446,39744.4115162037,0
2008-10-23,09:52:40,40.00927,116.32144699999999,39744.4115740741,0
2008-10-23,09:52:43,40.00927,116.32144699999999,39744.4116087963,0
2008-10-23,09:52:45,40.009271999999996,116.321451,39744.4116319444,0
2008-10-23,09:52:50,40.00928,116.321473,39744.4116898148,0
2008-10-23,09:52:51,40.009278,116.32146999999999,39744.411701388904,0
2008-10-23,09:52:56,40.009242,116.321445,39744.4117592593,0
2008-10-23,09:53:01,40.009187,116.32143,39744.4118171296,0
2008-10-23,09:53:06,40.009098,116.32143700000002,39744.411875,0
2008-10-23,09:53:11,40.009045,116.32148500000001,39744.411932870404,0
2008-10-23,09:53:16,40.009008,116.321449,39744.4119907407,0
2008-10-23,09:53:21,40.008993,116.321501,39744.4120486111,0
2008-10-23,09:53:26,40.009017,116.32155800000001,39744.4121064815,0
2008-10-23,09:53:31,40.008998999999996,116.32151100000002,39744.4121643519,0
2008-10-23,09:53:34,40.008998999999996,116.32151100000002,39744.412199074104,0
2008-10-23,09:53:36,40.008996999999994,116.321518,39744.4122222222,0
2008-10-23,09:53:41,40.008998999999996,116.321537,39744.4122800926,0
2008-10-23,09:53:46,40.009026,116.321518,39744.412337963,0
2008-10-23,09:53:51,40.009009000000006,116.321499,39744.4123958333,0
2008-10-23,09:53:54,40.009009000000006,116.321499,39744.4124305556,0
2008-10-23,09:53:56,40.009011,116.321506,39744.4124537037,0
2008-10-23,09:54:01,40.009013,116.321522,39744.412511574104,0
2008-10-23,09:54:06,40.009012,116.32157600000001,39744.4125694444,0
2008-10-23,09:54:11,40.009034,116.321569,39744.4126273148,0
2008-10-23,09:54:14,40.009034,116.321569,39744.412662037,0
2008-10-23,09:54:16,40.009038000000004,116.321575,39744.4126851852,0
2008-10-23,09:54:21,40.009024,116.321614,39744.412743055604,0
2008-10-23,09:54:26,40.009015000000005,116.321526,39744.4128009259,0
2008-10-23,09:54:31,40.008996999999994,116.321432,39744.4128587963,0
2008-10-23,09:54:36,40.008995,116.321455,39744.4129166667,0
2008-10-23,09:54:41,40.008996999999994,116.32148500000001,39744.412974537,0
2008-10-23,09:54:46,40.009032,116.32151,39744.4130324074,0
2008-10-23,09:54:51,40.009074,116.32148000000001,39744.4130902778,0
2008-10-23,09:54:56,40.009101,116.32153000000001,39744.4131481481,0
2008-10-23,09:55:01,40.009157,116.321596,39744.4132060185,0
2008-10-23,09:55:06,40.009219,116.321657,39744.4132638889,0
2008-10-23,09:55:11,40.009246999999995,116.321721,39744.413321759304,0
2008-10-23,09:55:16,40.009273,116.321781,39744.4133796296,0
2008-10-23,09:55:21,40.009313,116.321871,39744.4134375,0
2008-10-23,09:55:26,40.009344,116.321952,39744.4134953704,0
2008-10-23,09:55:31,40.009356,116.32200700000001,39744.4135532407,0
2008-10-23,09:55:36,40.009386,116.322103,39744.4136111111,0
2008-10-23,09:55:41,40.009356,116.322121,39744.4136689815,0
2008-10-23,09:55:46,40.009353000000004,116.322135,39744.4137268519,0
2008-10-23,09:55:51,40.009319,116.322152,39744.4137847222,0
2008-10-23,09:55:56,40.009394,116.322162,39744.4138425926,0
2008-10-23,09:56:01,40.009399,116.322179,39744.413900463,0
2008-10-23,09:56:06,40.009344,116.32218999999999,39744.4139583333,0
2008-10-23,09:56:11,40.009342,116.322177,39744.4140162037,0
2008-10-23,09:56:16,40.009318,116.32218999999999,39744.4140740741,0
2008-10-23,09:56:21,40.009287,116.32220600000001,39744.4141319444,0
2008-10-23,09:56:26,40.00927,116.32222,39744.4141898148,0
2008-10-23,10:02:04,40.009351,116.32191599999999,39744.4181018519,0
2008-10-23,10:02:09,40.009336,116.32183799999999,39744.418159722205,0
2008-10-23,10:02:14,40.009331,116.32181100000001,39744.418217592596,0
2008-10-23,10:02:19,40.009314,116.321823,39744.418275462995,0
2008-10-23,10:02:24,40.009314,116.32183300000001,39744.4183333333,0
2008-10-23,10:02:29,40.009316,116.32185,39744.418391203704,0
2008-10-23,10:03:39,40.009428,116.32088799999998,39744.419201388904,0
2008-10-23,10:03:44,40.008854,116.32149299999999,39744.4192592593,0
2008-10-23,10:03:49,40.008848,116.321349,39744.4193171296,0
2008-10-23,10:03:54,40.008874,116.32116,39744.419375,0
2008-10-23,10:03:59,40.008852000000005,116.321109,39744.4194328704,0
2008-10-23,10:04:04,40.008786,116.32103700000002,39744.4194907407,0
2008-10-23,10:04:09,40.008767,116.32101200000001,39744.4195486111,0
2008-10-23,10:04:14,40.008734999999994,116.320977,39744.4196064815,0
2008-10-23,10:04:19,40.008694,116.32096399999999,39744.4196643519,0
2008-10-23,10:04:24,40.008665,116.32093700000001,39744.4197222222,0
2008-10-23,10:04:29,40.008635,116.32088600000002,39744.4197800926,0
2008-10-23,10:04:34,40.008612,116.32083,39744.419837962996,0
2008-10-23,10:04:39,40.008590999999996,116.3208,39744.4198958333,0
2008-10-23,10:04:44,40.008573999999996,116.32077199999999,39744.4199537037,0
2008-10-23,10:04:49,40.008521,116.32068799999999,39744.420011574104,0
2008-10-23,10:04:54,40.008471,116.320669,39744.4200694444,0
2008-10-23,10:04:59,40.008419,116.320654,39744.4201273148,0
2008-10-23,10:05:04,40.008362,116.320619,39744.4201851852,0
2008-10-23,10:05:09,40.008348,116.320573,39744.4202430556,0
2008-10-23,10:05:14,40.008309000000004,116.32054699999999,39744.4203009259,0
2008-10-23,10:05:19,40.008281,116.32054299999999,39744.4203587963,0
2008-10-23,10:05:24,40.008234,116.320499,39744.4204166667,0
2008-10-23,10:05:29,40.008163,116.32047299999999,39744.420474537,0
2008-10-23,10:05:34,40.008129,116.32041799999999,39744.4205324074,0
2008-10-23,10:05:39,40.008121,116.32035900000001,39744.4205902778,0
2008-10-23,10:05:44,40.008069,116.32033500000001,39744.4206481481,0
2008-10-23,10:05:49,40.008027,116.32030900000001,39744.4207060185,0
2008-10-23,10:05:54,40.00801,116.32028700000001,39744.4207638889,0
2008-10-23,10:05:59,40.007959,116.320241,39744.420821759304,0
2008-10-23,10:06:04,40.007946999999994,116.32023799999999,39744.4208796296,0
2008-10-23,10:06:09,40.007878999999996,116.320237,39744.4209375,0
2008-10-23,10:06:14,40.007826,116.32023899999999,39744.4209953704,0
2008-10-23,10:06:19,40.007818,116.32023899999999,39744.4210532407,0
2008-10-23,10:06:22,40.007818,116.32023899999999,39744.421087963,0
2008-10-23,10:06:24,40.007819,116.32023999999998,39744.4211111111,0
2008-10-23,10:06:29,40.007816999999996,116.32023000000001,39744.4211689815,0
2008-10-23,10:06:34,40.007834,116.320181,39744.4212268519,0
2008-10-23,10:06:39,40.007761,116.320093,39744.4212847222,0
2008-10-23,10:06:44,40.007661,116.31998600000001,39744.4213425926,0
2008-10-23,10:06:49,40.007622999999995,116.319953,39744.421400463,0
2008-10-23,10:06:52,40.007622999999995,116.319953,39744.4214351852,0
2008-10-23,10:06:54,40.007621,116.31995,39744.4214583333,0
2008-10-23,10:06:59,40.007575,116.31987,39744.4215162037,0
2008-10-23,10:07:04,40.007551,116.319732,39744.4215740741,0
2008-10-23,10:07:09,40.007526,116.31965,39744.4216319444,0
2008-10-23,10:07:14,40.007467999999996,116.31951699999999,39744.4216898148,0
2008-10-23,10:07:19,40.007465,116.319506,39744.4217476852,0
2008-10-23,10:07:21,40.007462,116.319493,39744.4217708333,0
2008-10-23,10:07:26,40.007459000000004,116.31943600000001,39744.4218287037,0
2008-10-23,10:07:31,40.007453000000005,116.31940300000001,39744.4218865741,0
2008-10-23,10:07:36,40.007453999999996,116.319391,39744.4219444444,0
2008-10-23,10:07:41,40.007474,116.319376,39744.4220023148,0
2008-10-23,10:07:46,40.0075,116.319364,39744.4220601852,0
2008-10-23,10:07:51,40.007524,116.31935700000001,39744.4221180556,0
2008-10-23,10:07:56,40.007524,116.319321,39744.4221759259,0
2008-10-23,10:08:01,40.007517,116.31931200000001,39744.4222337963,0
2008-10-23,10:08:06,40.007551,116.31930700000001,39744.4222916667,0
2008-10-23,10:08:09,40.007551,116.31930700000001,39744.4223263889,0
2008-10-23,10:08:11,40.007554999999996,116.319313,39744.422349537,0
2008-10-23,10:08:16,40.00759,116.31934,39744.4224074074,0
2008-10-23,10:08:21,40.00761,116.319355,39744.4224652778,0
2008-10-23,10:08:26,40.007615,116.319369,39744.4225231481,0
2008-10-23,10:08:31,40.007621,116.31938500000001,39744.4225810185,0
2008-10-23,10:08:36,40.007644,116.31940300000001,39744.4226388889,0
2008-10-23,10:08:41,40.007663,116.31941699999999,39744.4226967593,0
2008-10-23,10:08:44,40.007663,116.31941699999999,39744.4227314815,0
2008-10-23,10:08:46,40.007669,116.319414,39744.4227546296,0
2008-10-23,10:08:51,40.007661,116.31938400000001,39744.4228125,0
2008-10-23,10:08:56,40.007653999999995,116.319321,39744.4228703704,0
2008-10-23,10:09:01,40.007653999999995,116.31926599999998,39744.422928240696,0
2008-10-23,10:09:06,40.007670000000005,116.31921499999999,39744.4229861111,0
2008-10-23,10:09:11,40.007694,116.319181,39744.4230439815,0
2008-10-23,10:09:16,40.007699,116.319151,39744.423101851804,0
2008-10-23,10:09:26,40.007272,116.31975600000001,39744.4232175926,0
2008-10-23,10:09:31,40.007331,116.319657,39744.423275463,0
2008-10-23,10:09:41,40.007428000000004,116.319432,39744.4233912037,0
2008-10-23,10:09:46,40.007395,116.319354,39744.4234490741,0
2008-10-23,10:09:51,40.007447,116.319379,39744.4235069444,0
2008-10-23,10:09:56,40.007479,116.31937099999999,39744.4235648148,0
2008-10-23,10:10:01,40.007515999999995,116.31931599999999,39744.4236226852,0
2008-10-23,10:10:06,40.007575,116.31923799999998,39744.4236805556,0
2008-10-23,10:10:31,40.007288,116.319088,39744.4239699074,0
2008-10-23,10:10:34,40.007288,116.319088,39744.424004629596,0
2008-10-23,10:10:36,40.007284000000006,116.319084,39744.4240277778,0
2008-10-23,10:10:41,40.007298,116.31903600000001,39744.4240856481,0
2008-10-23,10:10:46,40.007365,116.31903,39744.4241435185,0
2008-10-23,10:10:51,40.007416,116.31900700000001,39744.4242013889,0
2008-10-23,10:10:56,40.007482,116.31895700000001,39744.4242592593,0
2008-10-23,10:11:01,40.007548,116.318852,39744.4243171296,0
2008-10-23,10:11:06,40.007627,116.318775,39744.424375,0
2008-10-23,10:11:11,40.007718,116.31870500000001,39744.4244328704,0
2008-10-23,10:11:16,40.007808000000004,116.318623,39744.4244907407,0
2008-10-23,10:11:21,40.007877,116.318546,39744.424548611096,0
2008-10-23,10:11:26,40.007945,116.318487,39744.4246064815,0
2008-10-23,10:11:31,40.00803,116.318444,39744.4246643518,0
2008-10-23,10:11:36,40.008125,116.31836499999999,39744.424722222204,0
2008-10-23,10:11:41,40.008215,116.318248,39744.424780092595,0
2008-10-23,10:11:46,40.008168,116.318293,39744.424837963,0
2008-10-23,10:11:51,40.008015,116.318471,39744.4248958333,0
2008-10-23,10:11:56,40.008049,116.318444,39744.4249537037,0
2008-10-23,10:12:01,40.008064000000005,116.31838,39744.4250115741,0
2008-10-23,10:12:06,40.008117999999996,116.318326,39744.4250694444,0
2008-10-23,10:12:11,40.008196999999996,116.318275,39744.4251273148,0
2008-10-23,10:12:16,40.008289000000005,116.318251,39744.4251851852,0
2008-10-23,10:12:21,40.008305,116.31826699999999,39744.4252430556,0
2008-10-23,10:12:26,40.008276,116.318339,39744.4253009259,0
2008-10-23,10:12:31,40.008184,116.318474,39744.425358796296,0
2008-10-23,10:12:36,40.008071,116.318568,39744.4254166667,0
2008-10-23,10:12:41,40.007954,116.31863899999999,39744.425474537005,0
2008-10-23,10:12:46,40.007884000000004,116.318684,39744.425532407404,0
2008-10-23,10:12:51,40.007867,116.318699,39744.425590277795,0
2008-10-23,10:12:56,40.007835,116.318706,39744.4256481482,0
2008-10-23,10:13:01,40.007717,116.31884199999999,39744.425706018505,0
2008-10-23,10:13:06,40.007726,116.318826,39744.4257638889,0
2008-10-23,10:13:11,40.007721000000004,116.31879199999999,39744.4258217593,0
2008-10-23,10:13:16,40.007753,116.31874099999999,39744.4258796296,0
2008-10-23,10:13:21,40.007803,116.31867199999999,39744.4259375,0
2008-10-23,10:13:26,40.007852,116.31856499999999,39744.4259953704,0
2008-10-23,10:13:31,40.007925,116.318494,39744.4260532407,0
2008-10-23,10:13:36,40.008019,116.318455,39744.4261111111,0
2008-10-23,10:14:21,40.006977,116.319607,39744.4266319444,0
2008-10-23,10:14:26,40.007203000000004,116.31933400000001,39744.4266898148,0
2008-10-23,10:14:31,40.00735,116.319131,39744.426747685204,0
2008-10-23,10:14:36,40.007504,116.318956,39744.4268055556,0
2008-10-23,10:14:41,40.007611,116.318793,39744.4268634259,0
2008-10-23,10:14:46,40.007773,116.31865,39744.4269212963,0
2008-10-23,10:14:51,40.007965999999996,116.31853999999998,39744.426979166696,0
2008-10-23,10:15:06,40.007399,116.31912,39744.4271527778,0
2008-10-23,10:15:11,40.007411,116.319124,39744.4272106481,0
2008-10-23,10:15:16,40.00744,116.31908999999999,39744.4272685185,0
2008-10-23,10:15:21,40.007496,116.31908500000002,39744.427326388904,0
2008-10-23,10:15:26,40.007540000000006,116.31908999999999,39744.4273842593,0
2008-10-23,10:15:31,40.007619,116.31909399999999,39744.4274421296,0
2008-10-23,10:15:36,40.007647999999996,116.319041,39744.4275,0
2008-10-23,10:15:41,40.007681,116.31896200000001,39744.427557870404,0
2008-10-23,10:15:46,40.007723999999996,116.31889199999999,39744.4276157407,0
2008-10-23,10:15:51,40.007766,116.318825,39744.4276736111,0
2008-10-23,10:15:56,40.007809,116.318799,39744.4277314815,0
2008-10-23,10:16:01,40.007849,116.318754,39744.4277893519,0
2008-10-23,10:16:06,40.007905,116.31868999999999,39744.4278472222,0
2008-10-23,10:18:11,40.007878000000005,116.31878400000001,39744.4292939815,0
2008-10-23,10:18:16,40.007616,116.318863,39744.4293518519,0
2008-10-23,10:18:21,40.007692,116.318817,39744.4294097222,0
2008-10-23,10:18:26,40.007794,116.318827,39744.4294675926,0
2008-10-23,10:18:31,40.007898,116.31882900000001,39744.429525463,0
2008-10-23,10:18:36,40.007981,116.31878799999998,39744.4295833333,0
2008-10-23,10:18:41,40.008009,116.31876299999999,39744.4296412037,0
2008-10-23,10:18:46,40.008031,116.31875600000001,39744.4296990741,0
2008-10-23,10:18:51,40.008055,116.318753,39744.4297569444,0
2008-10-23,10:18:56,40.008237,116.318816,39744.4298148148,0
2008-10-23,10:19:01,40.008306,116.318941,39744.4298726852,0
2008-10-23,10:19:06,40.008283,116.31889699999999,39744.4299305556,0
2008-10-23,10:19:11,40.0083,116.31893600000001,39744.4299884259,0
2008-10-23,10:19:16,40.007645000000004,116.31945400000001,39744.4300462963,0
2008-10-23,10:19:21,40.007582,116.31940900000001,39744.4301041667,0
2008-10-23,10:19:26,40.007581,116.31938500000001,39744.430162037,0
2008-10-23,10:19:31,40.007612,116.31940300000001,39744.4302199074,0
2008-10-23,10:19:36,40.007694,116.319429,39744.4302777778,0
2008-10-23,10:19:41,40.007778,116.319475,39744.4303356481,0
2008-10-23,10:19:46,40.007876,116.319505,39744.4303935185,0
2008-10-23,10:19:51,40.007974,116.319529,39744.4304513889,0
2008-10-23,10:19:56,40.008096,116.31953700000001,39744.4305092593,0
2008-10-23,10:20:01,40.008196000000005,116.319549,39744.4305671296,0
2008-10-23,10:20:06,40.008292,116.31959099999999,39744.430625,0
2008-10-23,10:20:11,40.008369,116.31961799999999,39744.4306828704,0
2008-10-23,10:20:16,40.008421000000006,116.319597,39744.430740740696,0
2008-10-23,10:20:21,40.008452,116.319548,39744.4307986111,0
2008-10-23,10:20:26,40.008503000000005,116.319525,39744.4308564815,0
2008-10-23,10:20:31,40.008544,116.31948999999999,39744.430914351804,0
2008-10-23,10:20:36,40.008601,116.31948200000001,39744.4309722222,0
2008-10-23,10:20:41,40.008617,116.319483,39744.4310300926,0
2008-10-23,10:20:44,40.008617,116.319483,39744.4310648148,0
2008-10-23,10:20:46,40.008625,116.31948899999999,39744.431087963,0
2008-10-23,10:20:56,40.00864,116.31948799999999,39744.4312037037,0
2008-10-23,10:21:01,40.008645,116.319484,39744.4312615741,0
2008-10-23,10:21:04,40.008645,116.319484,39744.4312962963,0
2008-10-23,10:21:06,40.008649,116.31948100000001,39744.4313194444,0
2008-10-23,10:21:16,40.008669,116.319455,39744.4314351852,0
2008-10-23,10:26:35,40.006747,116.318549,39744.4351273148,0
2008-10-23,10:26:43,40.006747,116.318549,39744.435219907406,0
2008-10-23,10:26:45,40.006755,116.31854399999999,39744.4352430556,0
2008-10-23,10:26:50,40.006741999999996,116.31857099999999,39744.4353009259,0
2008-10-23,10:26:55,40.006744,116.31856,39744.4353587963,0
2008-10-23,10:27:00,40.006745,116.318572,39744.435416666696,0
2008-10-23,10:27:05,40.006745,116.31858100000001,39744.435474537,0
2008-10-23,10:27:10,40.006739,116.318568,39744.435532407406,0
2008-10-23,10:27:15,40.006721999999996,116.31854799999999,39744.4355902778,0
2008-10-23,10:27:20,40.006719,116.31856499999999,39744.4356481481,0
2008-10-23,10:27:25,40.006724,116.318625,39744.4357060185,0
2008-10-23,10:27:30,40.006745,116.318817,39744.4357638889,0
2008-10-23,10:27:35,40.006715,116.31888400000001,39744.4358217593,0
2008-10-23,10:27:40,40.006721,116.31896499999999,39744.4358796296,0
2008-10-23,10:27:45,40.006753,116.31907199999999,39744.4359375,0
2008-10-23,10:27:50,40.006785,116.319175,39744.4359953704,0
2008-10-23,10:27:55,40.006809999999994,116.319239,39744.4360532407,0
2008-10-23,10:28:00,40.006849,116.319286,39744.4361111111,0
2008-10-23,10:28:05,40.006811,116.319309,39744.4361689815,0
2008-10-23,10:28:10,40.006789000000005,116.319351,39744.436226851896,0
2008-10-23,10:28:15,40.006791,116.31939799999999,39744.4362847222,0
2008-10-23,10:28:20,40.006828000000006,116.319424,39744.4363425926,0
2008-10-23,10:28:25,40.006871999999994,116.319419,39744.436400463,0
2008-10-23,10:28:30,40.006893,116.319381,39744.4364583333,0
2008-10-23,10:28:35,40.006975,116.319294,39744.4365162037,0
2008-10-23,10:28:45,40.007457,116.31967399999999,39744.4366319444,0
2008-10-23,10:28:48,40.007457,116.31967399999999,39744.4366666667,0
2008-10-23,10:28:50,40.007458,116.319676,39744.4366898148,0
2008-10-23,10:28:55,40.007479,116.319695,39744.4367476852,0
2008-10-23,10:29:00,40.007571999999996,116.31978600000001,39744.436805555604,0
2008-10-23,10:29:05,40.007582,116.31981599999999,39744.4368634259,0
2008-10-23,10:29:10,40.007621,116.31983400000001,39744.4369212963,0
2008-10-23,10:29:15,40.007629,116.31988999999999,39744.4369791667,0
2008-10-23,10:29:20,40.007634,116.319966,39744.437037037,0
2008-10-23,10:29:25,40.007646,116.32005,39744.4370949074,0
2008-10-23,10:29:30,40.007659999999994,116.32011899999999,39744.4371527778,0
2008-10-23,10:29:35,40.007686,116.32024299999999,39744.4372106481,0
2008-10-23,10:29:40,40.007748,116.320301,39744.4372685185,0
2008-10-23,10:29:45,40.007802000000005,116.32038899999999,39744.4373263889,0
2008-10-23,10:29:50,40.007819,116.32036399999998,39744.437384259305,0
2008-10-23,10:29:55,40.007853000000004,116.320343,39744.4374421296,0
2008-10-23,10:30:00,40.007912,116.320328,39744.4375,0
2008-10-23,10:30:05,40.007978,116.320325,39744.4375578704,0
2008-10-23,10:30:10,40.007999,116.32033899999999,39744.437615740695,0
2008-10-23,10:30:15,40.008036,116.320394,39744.4376736111,0
2008-10-23,10:30:20,40.008125,116.32048600000002,39744.4377314815,0
2008-10-23,10:30:25,40.008171999999995,116.320571,39744.4377893518,0
2008-10-23,10:30:30,40.008182,116.320646,39744.4378472222,0
2008-10-23,10:30:35,40.008226,116.32073799999999,39744.4379050926,0
2008-10-23,10:30:40,40.008236,116.32081000000001,39744.437962963,0
2008-10-23,10:30:45,40.008306,116.320851,39744.4380208333,0
2008-10-23,10:30:50,40.008373,116.320857,39744.4380787037,0
2008-10-23,10:30:55,40.008418,116.320872,39744.4381365741,0
2008-10-23,10:31:00,40.00846,116.32086399999999,39744.438194444396,0
2008-10-23,10:31:05,40.008507,116.32091799999999,39744.4382523148,0
2008-10-23,10:31:10,40.008534999999995,116.32099699999999,39744.4383101852,0
2008-10-23,10:31:15,40.008565000000004,116.321079,39744.4383680556,0
2008-10-23,10:31:20,40.008619,116.321168,39744.438425925895,0
2008-10-23,10:31:25,40.008663,116.321249,39744.4384837963,0
2008-10-23,10:31:30,40.008684,116.321297,39744.4385416667,0
2008-10-23,10:31:35,40.008724,116.321395,39744.438599537,0
2008-10-23,10:31:40,40.008776,116.32146200000001,39744.4386574074,0
2008-10-23,10:31:45,40.008804,116.321504,39744.4387152778,0
2008-10-23,10:31:50,40.008839,116.32151599999999,39744.438773148104,0
2008-10-23,10:31:55,40.008879,116.321555,39744.4388310185,0
2008-10-23,10:32:00,40.008891,116.32157099999999,39744.4388888889,0
2008-10-23,10:32:05,40.008873,116.321615,39744.4389467593,0
2008-10-23,10:32:10,40.008858000000004,116.32167700000001,39744.4390046296,0
2008-10-23,10:32:15,40.008864,116.321766,39744.4390625,0
2008-10-23,10:32:20,40.00887,116.321858,39744.4391203704,0
2008-10-23,10:32:25,40.008864,116.321933,39744.4391782407,0
2008-10-23,10:32:30,40.008862,116.32200900000001,39744.4392361111,0
2008-10-23,10:32:35,40.008855,116.32208700000001,39744.4392939815,0
2008-10-23,10:32:40,40.008873,116.322144,39744.439351851805,0
2008-10-23,10:32:45,40.008874,116.32223400000001,39744.4394097222,0
2008-10-23,10:32:50,40.008869,116.32230600000001,39744.439467592594,0
2008-10-23,10:32:55,40.008835,116.322331,39744.439525463,0
2008-10-23,10:33:00,40.008814,116.32231100000001,39744.439583333304,0
2008-10-23,10:33:05,40.008813,116.3223,39744.4396412037,0
2008-10-23,10:33:08,40.008813,116.3223,39744.439675925896,0
2008-10-23,10:33:10,40.008821000000005,116.32229699999999,39744.4396990741,0
2008-10-23,10:33:15,40.008833,116.32229699999999,39744.4397569444,0
2008-10-23,10:33:20,40.008842,116.322298,39744.4398148148,0
2008-10-23,10:44:31,40.008761,116.323722,39744.4475810185,0
2008-10-23,10:44:36,40.008765000000004,116.32368999999998,39744.4476388889,0
2008-10-23,10:44:41,40.00865,116.32311200000001,39744.4476967593,0
2008-10-23,10:44:46,40.008786,116.322741,39744.4477546296,0
2008-10-23,10:44:51,40.008889,116.322551,39744.4478125,0
2008-10-23,10:44:56,40.008962,116.32246200000002,39744.4478703704,0
2008-10-23,10:45:01,40.008988,116.322356,39744.4479282407,0
2008-10-23,10:45:06,40.009068,116.322259,39744.447986111096,0
2008-10-23,10:45:11,40.009107,116.322177,39744.4480439815,0
2008-10-23,10:45:16,40.009085999999996,116.322088,39744.4481018518,0
2008-10-23,10:45:21,40.008928999999995,116.321992,39744.448159722204,0
2008-10-23,10:45:26,40.008849,116.32191,39744.448217592595,0
2008-10-23,10:45:31,40.008798999999996,116.32185,39744.448275463,0
2008-10-23,10:45:36,40.008827000000004,116.32178400000001,39744.4483333333,0
2008-10-23,10:45:41,40.008862,116.32173600000002,39744.4483912037,0
2008-10-23,10:45:46,40.008897999999995,116.32169499999999,39744.4484490741,0
2008-10-23,10:45:51,40.008901,116.321684,39744.4485069444,0
2008-10-23,10:45:56,40.008905,116.32168300000001,39744.4485648148,0
2008-10-23,10:45:59,40.008905,116.32168300000001,39744.448599537005,0
2008-10-23,10:46:01,40.008905,116.32168200000001,39744.4486226852,0
2008-10-23,10:46:06,40.008934,116.321623,39744.4486805556,0
2008-10-23,10:46:11,40.008945000000004,116.321551,39744.4487384259,0
2008-10-23,11:08:22,40.008851,116.32148500000001,39744.464143518504,0
2008-10-23,11:09:22,40.008607,116.32186200000001,39744.464837963,0
2008-10-23,11:09:27,40.008652000000005,116.322251,39744.4648958333,0
2008-10-23,11:10:27,40.008897,116.321603,39744.465590277796,0
2008-10-23,11:10:32,40.008928000000004,116.32161,39744.4656481481,0
2008-10-23,11:10:37,40.009013,116.321431,39744.4657060185,0
2008-10-23,11:10:42,40.009027,116.321399,39744.465763888904,0
2008-10-23,11:10:47,40.009064,116.321326,39744.4658217593,0
2008-10-23,11:10:52,40.009172,116.321211,39744.4658796296,0
2008-10-23,11:10:57,40.009204,116.32113000000001,39744.4659375,0
2008-10-23,11:11:02,40.009243,116.32105,39744.4659953704,0
2008-10-23,11:11:07,40.009269,116.320978,39744.4660532407,0
2008-10-23,11:11:12,40.009328000000004,116.32088700000001,39744.4661111111,0
